branch_uid "net.venge.monotone"
committer "derek@echologic.com"
committer "richard@levitte.org"
committer "njs@pobox.com"
committer "juan.ruiz@ula.ve"
committer "benoit@placenet.org"
committer "me@thomaskeller.biz"
committer "ripley@lapo.it"
committer "kinetik@orcon.net.nz"
committer "tbrownaw@gmail.com"
committer "willu@cse.unsw.edu.au"
committer "matt@ucc.asn.au"
committer "alex@ventonegro.org"
committer "mtn-dev@zackw.users.panix.com"
committer "stephen_leake-2@stephe-leake.org"
committer "graydon@pobox.com"
committer "kfh@mqsoftware.com"
committer "jmmv@menta.net"
committer "thomas.moschny@gmx.de"
committer "rse@engelschall.com"
committer "markus@bluegap.ch"
committer "grahame@angrygoats.net"
committer "lapo@lapo.it"
committer "dan@geek.com.au"
committer "christof@petig-baender.de"
committer "kinetik@flim.org"
committer "oxygene@studentenbude.ath.cx"
committer "ss@gnome.gr.jp"
committer "sjackman@gmail.com"
committer "patrick@georgi-clan.de"
committer "henry@bigfoot.de"
committer "andrieu@karryall.dnsalias.org"
committer "matt@matt-land.com"
committer "papercrane@reversefold.com"
committer "zbigg@zbigg.org"
committer "christof.petig@arcor.de"
committer "bdwalton@gmail.com"
committer "emile@talentcodeworks.com"
committer "jon@siliconcircus.com"
committer "joel@rosdahl.net"
committer "evan@warpedview.com"
committer "matt-ucc@ucc.asn.au"
committer "ventonegro@ventonegro.org"
committer "tbrownaw@prjek.net"
committer "ludovic@ludovic-brenta.org"
committer "stephen_leake@stephe-leake.org"
